INSERT INTO "employees" ("id", "nama_karyawan", "created_at", "updated_at") VALUES
(1,	'qorina',	NULL,	NULL),
(2,	'farlan',	NULL,	NULL),
(3,	'aqil',	NULL,	NULL),
(4,	'jacob',	NULL,	NULL);

INSERT INTO "projects" ("id", "nama_project", "created_at", "updated_at") VALUES
(1,	'malang',	NULL,	NULL),
(2,	'batu',	NULL,	NULL),
(3,	'jombang',	NULL,	NULL),
(4,	'madura',	NULL,	NULL);

INSERT INTO "worklogs" ("id", "id_employees", "id_projects", "tanggal", "jam_awal", "jam_akhir", "created_at", "updated_at") VALUES
(213,	1,	3,	'2023-11-27',	'07:53:00',	'15:21:42',	NULL,	NULL),
(214,	2,	3,	'2023-11-28',	'09:37:25',	'15:55:49',	NULL,	NULL),
(215,	2,	2,	'2023-11-29',	'07:58:18',	'13:28:06',	NULL,	NULL),
(216,	3,	1,	'2023-11-30',	'08:40:41',	'14:32:48',	NULL,	NULL),
(217,	1,	1,	'2023-12-01',	'09:00:42',	'16:25:46',	NULL,	NULL),
(218,	4,	2,	'2023-12-02',	'07:35:47',	'14:46:18',	NULL,	NULL),
(219,	1,	2,	'2023-12-03',	'09:08:44',	'12:23:51',	NULL,	NULL),
(220,	2,	1,	'2023-12-04',	'09:41:00',	'13:22:09',	NULL,	NULL),
(221,	4,	4,	'2023-12-05',	'10:47:31',	'12:12:12',	NULL,	NULL),
(222,	4,	2,	'2023-12-06',	'09:47:04',	'12:56:19',	NULL,	NULL),
(223,	1,	1,	'2023-12-07',	'07:36:35',	'12:24:57',	NULL,	NULL),
(224,	4,	3,	'2023-12-08',	'09:52:00',	'16:49:13',	NULL,	NULL),
(225,	4,	2,	'2023-12-09',	'08:33:27',	'16:46:44',	NULL,	NULL),
(226,	3,	4,	'2023-12-10',	'08:28:48',	'14:50:04',	NULL,	NULL),
(227,	3,	3,	'2023-12-11',	'09:03:07',	'13:17:14',	NULL,	NULL),
(228,	2,	4,	'2023-12-12',	'10:06:53',	'14:05:00',	NULL,	NULL),
(229,	2,	3,	'2023-12-13',	'08:31:06',	'15:48:32',	NULL,	NULL),
(230,	2,	2,	'2023-12-14',	'08:14:26',	'16:44:13',	NULL,	NULL),
(231,	1,	2,	'2023-12-15',	'09:16:10',	'16:59:15',	NULL,	NULL),
(232,	2,	4,	'2023-12-16',	'10:42:57',	'15:04:39',	NULL,	NULL),
(233,	3,	3,	'2023-12-17',	'10:40:50',	'14:08:39',	NULL,	NULL),
(234,	3,	3,	'2023-12-18',	'07:49:25',	'16:22:52',	NULL,	NULL),
(235,	2,	3,	'2023-12-19',	'09:20:42',	'16:46:53',	NULL,	NULL),
(236,	2,	1,	'2023-12-20',	'09:37:59',	'12:50:24',	NULL,	NULL),
(237,	4,	2,	'2023-12-21',	'07:34:40',	'12:17:35',	NULL,	NULL),
(238,	1,	2,	'2023-12-22',	'07:30:35',	'13:27:07',	NULL,	NULL),
(239,	1,	2,	'2023-12-23',	'08:49:34',	'14:47:17',	NULL,	NULL),
(240,	2,	4,	'2023-12-24',	'08:29:16',	'15:06:23',	NULL,	NULL),
(241,	3,	1,	'2023-12-25',	'09:54:55',	'15:41:46',	NULL,	NULL),
(242,	1,	3,	'2023-12-26',	'10:41:17',	'16:18:30',	NULL,	NULL),
(243,	2,	3,	'2023-12-27',	'10:32:00',	'16:59:41',	NULL,	NULL),
(244,	3,	3,	'2023-12-28',	'08:53:24',	'12:44:16',	NULL,	NULL),
(245,	4,	4,	'2023-12-29',	'10:29:05',	'15:27:07',	NULL,	NULL),
(246,	2,	1,	'2023-12-30',	'09:36:27',	'12:24:33',	NULL,	NULL),
(247,	2,	1,	'2023-12-31',	'08:37:12',	'15:14:44',	NULL,	NULL),
(248,	3,	2,	'2024-01-01',	'08:15:26',	'14:33:46',	NULL,	NULL),
(249,	2,	4,	'2024-01-02',	'10:55:29',	'12:35:16',	NULL,	NULL),
(250,	2,	1,	'2024-01-03',	'08:43:21',	'16:08:44',	NULL,	NULL),
(251,	1,	4,	'2024-01-04',	'07:01:44',	'16:29:35',	NULL,	NULL),
(252,	3,	4,	'2024-01-05',	'09:27:04',	'12:00:09',	NULL,	NULL),
(253,	3,	2,	'2024-01-06',	'08:15:20',	'16:58:54',	NULL,	NULL),
(254,	3,	4,	'2024-01-07',	'07:36:03',	'15:31:49',	NULL,	NULL),
(255,	1,	3,	'2024-01-08',	'08:53:45',	'16:47:35',	NULL,	NULL),
(256,	1,	3,	'2024-01-09',	'07:58:08',	'14:23:57',	NULL,	NULL),
(257,	1,	1,	'2024-01-10',	'07:26:34',	'12:53:07',	NULL,	NULL),
(258,	2,	2,	'2024-01-11',	'09:11:52',	'14:15:04',	NULL,	NULL),
(259,	1,	1,	'2024-01-12',	'09:26:30',	'15:49:04',	NULL,	NULL),
(260,	3,	4,	'2024-01-13',	'08:06:21',	'16:05:09',	NULL,	NULL),
(261,	1,	2,	'2024-01-14',	'08:30:09',	'15:26:27',	NULL,	NULL),
(262,	2,	4,	'2024-01-15',	'10:42:01',	'14:34:49',	NULL,	NULL),
(263,	1,	2,	'2024-01-16',	'07:51:34',	'15:28:23',	NULL,	NULL),
(264,	4,	2,	'2024-01-17',	'09:31:52',	'14:33:01',	NULL,	NULL),
(265,	1,	3,	'2024-01-18',	'10:56:02',	'16:01:55',	NULL,	NULL),
(266,	1,	2,	'2024-01-19',	'07:09:45',	'16:12:27',	NULL,	NULL),
(267,	4,	1,	'2024-01-20',	'08:21:29',	'12:07:31',	NULL,	NULL),
(268,	3,	4,	'2024-01-21',	'08:20:35',	'15:38:41',	NULL,	NULL),
(269,	1,	1,	'2024-01-22',	'08:36:21',	'13:00:36',	NULL,	NULL),
(270,	1,	4,	'2024-01-23',	'07:18:25',	'15:00:43',	NULL,	NULL),
(271,	4,	1,	'2024-01-24',	'07:48:57',	'12:08:13',	NULL,	NULL),
(272,	3,	4,	'2024-01-25',	'07:03:59',	'12:04:16',	NULL,	NULL),
(273,	4,	2,	'2024-01-26',	'10:17:50',	'16:30:59',	NULL,	NULL),
(274,	3,	3,	'2024-01-27',	'09:34:23',	'14:52:22',	NULL,	NULL),
(275,	2,	2,	'2024-01-28',	'09:03:09',	'13:41:29',	NULL,	NULL),
(276,	3,	3,	'2024-01-29',	'07:36:43',	'14:18:47',	NULL,	NULL),
(277,	4,	3,	'2024-01-30',	'10:37:29',	'15:31:48',	NULL,	NULL),
(278,	3,	1,	'2024-01-31',	'08:52:41',	'12:30:06',	NULL,	NULL),
(279,	2,	2,	'2024-02-01',	'10:15:42',	'15:56:21',	NULL,	NULL),
(280,	3,	4,	'2024-02-02',	'08:05:33',	'14:59:30',	NULL,	NULL),
(281,	1,	4,	'2024-02-03',	'10:04:21',	'12:50:49',	NULL,	NULL),
(282,	1,	1,	'2024-02-04',	'07:25:56',	'16:12:43',	NULL,	NULL),
(283,	1,	2,	'2024-02-05',	'09:29:00',	'12:17:41',	NULL,	NULL),
(284,	2,	4,	'2024-02-06',	'10:40:00',	'12:00:18',	NULL,	NULL),
(285,	2,	1,	'2024-02-07',	'09:43:33',	'16:38:16',	NULL,	NULL),
(286,	2,	4,	'2024-02-08',	'10:51:32',	'15:56:42',	NULL,	NULL),
(287,	4,	2,	'2024-02-09',	'08:34:51',	'16:52:26',	NULL,	NULL),
(288,	4,	2,	'2024-02-10',	'07:36:11',	'14:09:25',	NULL,	NULL),
(289,	1,	1,	'2024-02-11',	'10:20:29',	'13:34:23',	NULL,	NULL),
(290,	3,	3,	'2024-02-12',	'10:07:18',	'16:20:29',	NULL,	NULL),
(291,	1,	1,	'2024-02-13',	'09:35:42',	'12:51:00',	NULL,	NULL),
(292,	1,	1,	'2024-02-14',	'08:32:42',	'12:22:18',	NULL,	NULL),
(293,	4,	2,	'2024-02-15',	'08:01:14',	'15:53:06',	NULL,	NULL),
(294,	4,	3,	'2024-02-16',	'07:37:10',	'15:03:57',	NULL,	NULL),
(295,	1,	4,	'2024-02-17',	'07:03:33',	'14:08:50',	NULL,	NULL),
(296,	3,	3,	'2024-02-18',	'10:50:39',	'12:27:10',	NULL,	NULL),
(297,	4,	4,	'2024-02-19',	'07:57:29',	'12:49:33',	NULL,	NULL),
(298,	2,	3,	'2024-02-20',	'10:17:13',	'15:24:03',	NULL,	NULL),
(299,	3,	2,	'2024-02-21',	'09:21:23',	'16:42:33',	NULL,	NULL),
(300,	1,	3,	'2024-02-22',	'09:18:02',	'14:43:54',	NULL,	NULL),
(301,	1,	4,	'2024-02-23',	'09:01:58',	'16:24:59',	NULL,	NULL),
(302,	1,	4,	'2024-02-24',	'09:59:43',	'14:13:36',	NULL,	NULL),
(303,	1,	3,	'2024-02-25',	'07:17:00',	'14:17:19',	NULL,	NULL),
(304,	1,	2,	'2024-02-26',	'09:10:11',	'13:44:01',	NULL,	NULL),
(305,	4,	4,	'2024-02-27',	'07:45:49',	'13:53:47',	NULL,	NULL),
(306,	2,	1,	'2024-02-28',	'10:01:09',	'16:02:29',	NULL,	NULL),
(307,	1,	4,	'2024-02-29',	'08:46:43',	'12:03:56',	NULL,	NULL),
(308,	4,	1,	'2024-03-01',	'07:43:13',	'16:25:25',	NULL,	NULL),
(309,	3,	4,	'2024-03-02',	'08:32:58',	'13:55:42',	NULL,	NULL),
(310,	3,	3,	'2024-03-03',	'08:04:29',	'13:44:39',	NULL,	NULL),
(311,	2,	4,	'2024-03-04',	'09:39:59',	'14:10:44',	NULL,	NULL),
(312,	2,	3,	'2024-03-05',	'09:11:17',	'16:17:19',	NULL,	NULL),
(313,	3,	3,	'2024-03-06',	'07:47:11',	'16:23:35',	NULL,	NULL),
(314,	1,	1,	'2024-03-07',	'07:16:04',	'12:32:29',	NULL,	NULL),
(315,	1,	1,	'2024-03-08',	'10:11:21',	'14:52:03',	NULL,	NULL),
(316,	1,	3,	'2024-03-09',	'07:55:54',	'12:45:20',	NULL,	NULL),
(317,	3,	3,	'2024-03-10',	'09:38:56',	'16:01:37',	NULL,	NULL),
(318,	1,	1,	'2024-03-11',	'09:46:09',	'14:46:34',	NULL,	NULL),
(319,	3,	2,	'2024-03-12',	'08:23:21',	'15:56:34',	NULL,	NULL),
(320,	2,	4,	'2024-03-13',	'07:19:36',	'14:49:35',	NULL,	NULL),
(321,	4,	2,	'2024-03-14',	'10:03:40',	'15:35:57',	NULL,	NULL),
(322,	1,	1,	'2024-03-15',	'10:55:44',	'12:08:36',	NULL,	NULL),
(323,	3,	4,	'2024-03-16',	'07:56:01',	'15:59:57',	NULL,	NULL),
(324,	2,	3,	'2024-03-17',	'07:27:37',	'12:48:14',	NULL,	NULL),
(325,	2,	1,	'2024-03-18',	'09:46:37',	'15:59:32',	NULL,	NULL),
(326,	4,	3,	'2024-03-19',	'09:07:01',	'16:16:38',	NULL,	NULL),
(327,	2,	3,	'2024-03-20',	'09:25:27',	'12:52:21',	NULL,	NULL),
(328,	1,	2,	'2024-03-21',	'09:46:17',	'13:32:15',	NULL,	NULL),
(329,	2,	1,	'2024-03-22',	'08:09:20',	'16:14:31',	NULL,	NULL),
(330,	4,	4,	'2024-03-23',	'08:21:12',	'12:09:03',	NULL,	NULL),
(331,	3,	2,	'2024-03-24',	'08:29:29',	'12:06:12',	NULL,	NULL),
(332,	3,	3,	'2024-03-25',	'09:00:07',	'12:35:28',	NULL,	NULL);

